{
    "predict_bleu-4": 13.06269822485207,
    "predict_rouge-1": 36.03045183431953,
    "predict_rouge-2": 13.164178165680473,
    "predict_rouge-l": 31.09479349112426,
    "predict_runtime": 1507.6451,
    "predict_samples": 1690,
    "predict_samples_per_second": 1.121,
    "predict_steps_per_second": 0.56
}